<?xml version="1.0" encoding="ISO-8859-1"?><Volume Num="1">	<Work>		<Title>On a Hymn Song of Philip Bliss</Title>		<Author>David Holsinger</Author>		<Composer>David Holsinger was born on December 26th, 1945, in Hardin, Missouri.  He studied at Central Methodist College, Central Missouri State University, and at the University of Kansas, where he was arranger for university bands and the swing choir.  He has written extensively for band.  His compositions have recieved commendations in numerous competitions including winning two Ostwald Awards.  Currently, he is Chief Musician at Shady Grove Church in Grand Prairie, Texas.  Much of his music is known for its high energy and driving rhythms.  He has written over fifteen band compositions and continues to publish new works.  Some of his larger works include HavenDance, On Ancient Hymns, and Festal Dances, and To Tame the Perilous Skies.</Composer>		<Composition>Those Familiar with the music of Holsinger will find this music to be a radical departure of his style.  THe frantic tempos and ebullient rhythms associated with Holsinger and replaced by a restful, gental, and reflective composition.  THe work is based on the 1876 Philip Bliss _ Horatio Spafford huymn, "It is Well with my Soul."  This setting states the tune two times, the first statement shared by the brass and woodwinds, the second as a majestic brass chorale.  THis piece was written to honor the retiring Principal of Shady Grove Christian Academy in 1989.  The work, 70 measures, is three minutes, forty-five seconds in length.</Composition>		<Historical>As Common as folk songs have been for stimulating the imagination of composers of band pieces, so, too, have various hymns seen widespread use in numerous settings.  THere are hundereds of band works with the word "hymn" in their titles, and there are undoubtedly hundereds more inspired by hymn songs.</Historical>		<Technical>		 	<A>The D-flat Major scale is required for the entire ensemble</A>			<B>There are no extremes in range and no particular technical difficulties</B>			<C>The first statement of the hymsong begins in the soli horn 1, but cued by the trumpets</C>			<D>The eighth note accompaniment alternates between groups between beat 1-2 and 3-4.  Attention to balance will be required here</D>			<E>The greatest challange to players will be the expressive, smooth and sustained playing of the melodic and harmonic accompianiment lines necessary for an effictive performance</E></Technical>		<Stylistic>			<A>The begining of the work is marked "Freely, with exporssion" and a suggested tempo of quarter equals 76-80 is given.</A> 			<B>The subsequent tempo changes are clearly indicated to enhance an expressive performance.</B>			<C>There are no major dynamic shifts that should pose any challenges</C>			<D> with a handful of accents as the onl articulation markings throughout the work, players should interpret and play their lines smoothly and lyrically</D></Stylistic>		<Musical>			<A>The tonality of the work is D-flat Major</A>			<B>The piece is triadic and diatonic with some suspensions and sevenths used in the harmony</B>			<C>The melody is very clearly scored in half notes and quarter notes</C></Musical>		<Form>The work has two statements of the hym song, the first shared by the brass and woodwinds, the second as a brass chorale.  THe eight-measure introductory material is also used as an interlude between statements and also as an ending.			<measure number= "1" melodic= "Cls, AS's, Moving eighth-note introduction motive"/>			<measure number= "8" melodic= "Soli Hn 1, First phrase of hymsong"/>			<measure number= "13" melodic= "Fl, Second phrase of hymnsong"/>			<measure number= "17" melodic= "Hns, Tbn 1, THird phrase of hymnsong"/>			<measure number= "20" melodic= "Low WW, All Brass, Fourth phrase of hymnsong"/>			<measure number= "24" melodic= "Cls, TS, Bar, Hymnsong ending"/>			<measure number= "31" melodic= "Cls, AS's, introduction motive as interlude"/>			<measure number= "42" melodic= "Tpts, Hns, Tbns, Bar, Second phrase of hymnsong in chorale style"/>			<measure number= "46" melodic= "Tpts, Hns, Tbns, Bar, Second phrase of hymnsong in chorale style"/>			<measure number= "50" melodic= "AS's, Tpts, Hns, Tbn 1, Third phrase of hymnsong"/>			<measure number= "54" melodic= "Tuttti ensemble, Fourth phrase of hymnsong"/>			<measure number= "57" melodic= "Cls, TS, Bar, hymnsong ending"/>			<measure numebr= "64" melodic= "Introduction motive as ending"/>		</Form>		<Listening>			<A composer= "Alan Hovhaness" piece= "Hymn to Yerevan"/>			<B composer= "Vincent Persichetti" piece= "Chorale Prelude, O God Unseen"/>			<C composer= "William Schuman" piece= "Chester"/>			<D composer= "William Schuman" piece= "When Jesus Wept"/></Listening>	</Work>	<Work>		<Title>Overture for Winds</Title>		<Author>Charles Carter</Author>	</Work></Volume>